Customer;State;Email;Phones;Password;Joined
?. Amanda  Hampton;MO;amandahamptonpretty@outlook.com;(346) 355-2972 ;TopTop-1!;2025-11-04
?. Amanda  Jones;AZ;timber-titles5m@icloud.com;(772) 200-6847 ;bubaloo13;2025-11-05
?. Amy  Womack;CA;60.dolor-grain@icloud.com;(206) 859-1545 ;78uemnd#$%;2025-11-06
?. Arlene  Chananie;MO;arlchananie@outlook.com;(346) 355-2972 ;TopTop-1!;2025-11-07
?. Benjamin  Timmins;FL;03-shares-congas@icloud.com;(281) 620-6153 ;wyeo-fjee-fkkfle2;2025-11-08
?. Celeste  Dominguez;WI;pullers.aphelia.6z@icloud.com;(678) 628-6562 ;usman96*;2025-11-09
?. Charles  Williams;NY;pasta.breaths3z@icloud.com;(762) 243-1101 ;badbunnybb;2025-11-10
?. Colin  Pereira;MO;colinpereira9999@outlook.com;(346) 355-2972 ;TopTop-1!;2025-11-11
?. Coral  Gables;NJ;whale-abrupt.9p@icloud.com;(650) 656-1522 ;1234567890;2025-11-12
?. Darwin  Alba;MO;darwinalba22@outlook.com;(346) 355-2972 ;TopTop-1!;2025-11-13
?. David  Swisher;FL;shears_retakes_2q@icloud.com;(609) 666-9887 ;ojalay1234;2025-11-14
?. David  Thomas;MO;davidthomasnns@outlook.com;(346) 355-2972 ;TopTop-1!;2025-11-15
?. David  Toth;CA;claims.pimento-3m@icloud.com;(762) 243-1102 ;wvyu-qpys-fj39;2025-11-16
?. Edmund  Schwarzkopf;MO;edmundrpg@outlook.com;(346) 355-2972 ;TopTop-1!;2025-11-17
?. Florence  E ho;NY;midlife.twine-2d@icloud.com;(443) 831-3844 ;wvyu-855-fj39;2025-11-18
?. Hane  Booth;WA;lacquer_moths.4s@icloud.com;(657) 242-8482 ;pokemongo!;2025-11-19
?. Jant  Akkerman;NM;regime_nuns6m@icloud.com;(657) 242-8512;Donut420;2025-11-20
?. Joanne  Porter;TX;padlock.snooze-0r@icloud.com;(609) 481-8628 ;Trump98765;2025-11-21
?. Johnea  Blevins;KY;sugar_98waxen@icloud.com;(609) 666-9647 ;yellowG333;2025-11-22
?. Judy  Uminski;WA;zinnias-tacit-7t@icloud.com;(210) 872-4781 ;56treehouse!;2025-11-23
?. Laila  Al-hasan;TX;garlic.concord-4j@icloud.com;(215) 603-3883 ;ayahuasca777;2025-11-24
?. Laura  Toscano;MO;lauratoscanookok@outlook.com;(346) 355-2972 ;TopTop-1!;2025-11-25
?. Leroy  Otto;NV;clamp08gerund@icloud.com;(609) 666-9542 ;GateBear9898;2025-11-26
?. Liem  Nguyen;NH;welter-lurch44@icloud.com;(281) 906-1910 ;Jailhousebreak;2025-11-27
?. Lynnette  West;AL;banzai_trends.2z@icloud.com;(609) 666-9051 ;chamomille1975;2025-11-28
?. Marcia  Ritz;FL;mailmen.isomer_6j@icloud.com;(716) 397-7435 ;Chickens1234;2025-11-29
?. Mary  Burton;NV;ladle-ion.5j@icloud.com;(281) 728-4965 ;artcitytour2025;2025-11-30
?. Mary  Hutchinson;CO;cantors-reggae6z@icloud.com;(513) 500-0788 ;semilla420!;2025-12-01
?. Matthew  Johnson;SC;extremeexotics85@gmail.com;(208) 817-1370 ;puppaalbo$$$;2025-12-02
?. Melyssa  Winkler;CA;breach.grate2y@icloud.com;(215) 603-3882 ;TucaneslibresCorp;2025-12-03
?. Monica  Aguilar;NH;nodule_ribose_7g@icloud.com;(640) 209-9852 ;goodbyebluesky1980;2025-12-04
?. Noah  Thomas;FL;gingery.natures-9r@icloud.com;(346) 265-1323 ;paintitblack#;2025-12-05
?. Pamela  Barrell;NC;bests-jollies7d@icloud.com;(475) 384-4399 ;GypsySol333;2025-12-06
?. Rebecca  Gellar;MO;rebeccaggglar@outlook.com;(346) 355-2972 ;TopTop-1!;2025-12-07
?. Rebecca  Handsc;NJ;mental.netter38@icloud.com;(772) 403-3071 ;wpyuj-mpog-6yngv;2025-12-08
?. Renee  Harrell;MO;hhc62516@outlook.com;(346) 355-2972 ;TopTop-1!;2025-12-09
?. Samantha  Gordon;NY;dints_dab4u@icloud.com;(262) 450-2002 ;popsmokeisalive;2025-12-10
?. Visa  Lazarrec;MS;vitriol_11booster@icloud.com;(712) 740-3900 ;000naturelife000;2025-12-11
?. Yani  Fernandez;WI;athlete.01-topaz@icloud.com;(640) 209-9399 ;Chumek15777;2025-12-12
?. Yarima  Rojas;MO;rojasyarima123@outlook.com;(346) 355-2972 ;TopTop-1!;2025-12-13
Ms. Vickie  Sanders-burlew;MI;eve_mangers.0t@icloud.com;(810) 360-8403 ;MorganFreeman;2025-12-14
